Client Name,Client Date Joined,Client ID,Client Type,Client Location,Fund ID,Initial Invested Amount (USD),Shares/BPS at Investment Date,Current Number of Shares
Sarah Mccoy,2019-11-17,1002,Retail,San Francisco,75596,"$973,781.00",3135,3113
Deanna Wagner,2021-11-11,1003,Corporate,Tampa,16792,"$611,340.00",7256,6871
Claudia Butler,2022-06-25,1004,Government,Seattle,20062,"$184,259.00",4970,4812
Jon Bridges,2021-04-07,1005,Corporate,Orlando,16792,"$236,118.00",9597,9268
Melvin Stout,2019-05-28,1006,Corporate,Portland,99779,"$966,933.00",6728,7164
Margaret Moore,2022-05-19,1007,Government,Houston,89791,"$546,095.00",4378,4054
Dalton Garcia,2020-10-09,1008,Retail,Atlanta,75596,"$174,023.00",2686,2975
Mackenzie Sparks,2022-02-26,1009,Retail,New York,71151,"$390,375.00",4541,4956
David Lewis,2020-10-04,1010,Corporate,Portland,88569,"$129,674.00",6651,6221
Briana Santana,2019-11-14,1011,Retail,Albuquerque,75596,"$897,019.00",1156,1559
John Hayes,2019-11-29,1012,Retail,Houston,22757,"$138,305.00",9368,9310
Tina Rodriguez,2020-03-18,1013,Government,San Diego,71151,"$416,036.00",4079,4421
Hannah Jones,2019-01-08,1014,Corporate,San Diego,22778,"$600,543.00",3637,4040
Briana Payne,2020-05-31,1015,High Net Worth,Atlanta,71151,"$670,900.00",8643,8324
Renee Rodriguez,2022-03-29,1016,Corporate,Orlando,22778,"$535,334.00",4805,5142
Mrs. Robin Estes,2021-07-26,1017,Corporate,Denver,22778,"$818,299.00",9927,10226
Jamie Brennan,2022-03-08,1018,Corporate,Chicago,99779,"$751,718.00",1975,1522
Katrina Tucker,2021-08-24,1019,Corporate,Chicago,16792,"$504,178.00",2543,3038
Scott Mcintosh,2021-07-27,1020,High Net Worth,Albuquerque,88569,"$713,751.00",7437,7610
Loretta Barton DVM,2022-02-22,1021,Institutional,Albuquerque,99779,"$893,972.00",4772,4709
Cathy Allen,2020-10-17,1022,Institutional,Atlanta,99779,"$342,631.00",5051,5127
Haley Miller,2021-05-01,1023,Retail,Tampa,89791,"$551,944.00",6983,7192
Tyler Mathews,2020-02-05,1024,Institutional,San Diego,88569,"$458,815.00",8729,8716
Samuel Farley,2022-03-15,1025,High Net Worth,Orlando,71151,"$415,790.00",1618,1683
Joshua Guzman,2019-04-03,1026,Government,Dallas,63963,"$617,283.00",4271,4392
Christopher Flores,2020-12-30,1027,Corporate,Orlando,99779,"$375,502.00",9425,9659
Kayla Ball,2021-03-29,1028,Institutional,Denver,22757,"$935,636.00",6306,5894
Austin Young,2020-06-25,1029,Institutional,Orlando,63963,"$424,142.00",5925,5586
Pamela Edwards,2018-10-25,1030,Institutional,Houston,22778,"$321,996.00",2970,2826
Kevin Hernandez,2021-03-30,1031,Government,Houston,22757,"$677,672.00",8632,8156
Kelsey Bradley MD,2019-04-03,1032,Institutional,Albuquerque,71151,"$718,349.00",8843,9135
Alexandria Alexander,2020-05-10,1033,Corporate,Seattle,75596,"$808,553.00",8779,8651
Kristen Ray,2022-06-08,1034,Corporate,Albuquerque,22757,"$164,724.00",8202,8060
Cindy Wells,2020-02-22,1035,Retail,Los Angeles,88569,"$691,967.00",7697,7278
Hailey Newton,2020-09-17,1036,High Net Worth,Portland,20062,"$436,640.00",9859,9777
Kevin Alvarez MD,2022-03-16,1037,Institutional,Dallas,22757,"$879,763.00",7322,7722
Mr. Troy Howard,2019-06-06,1038,Government,New York,71151,"$161,456.00",3964,3853
Michael Patel,2019-05-29,1039,Government,San Diego,22757,"$694,683.00",2455,2310
Tamara Meyer,2021-11-05,1040,Government,Chicago,75596,"$624,059.00",4208,4192
Stuart Wilson,2019-03-14,1041,Institutional,Houston,71151,"$310,491.00",3460,3406
Joseph Leach,2019-07-15,1042,Government,New York,20062,"$109,039.00",3966,4347
Ian Harrell,2020-11-22,1043,Government,Orlando,22778,"$299,619.00",8393,8413
Suzanne Armstrong,2020-10-29,1044,Retail,Chicago,22757,"$480,261.00",6973,6932
Samuel King,2020-05-20,1045,Corporate,Phoenix,22778,"$831,696.00",9714,9214
George Hernandez,2019-03-14,1046,Retail,Atlanta,89791,"$488,976.00",8813,9276
Stanley Cummings,2019-08-27,1047,Institutional,Albuquerque,22778,"$657,125.00",4048,4362
John Ramirez,2022-02-13,1048,Corporate,San Francisco,88569,"$600,429.00",4815,4926
Willie Jones,2021-09-16,1049,Corporate,Tampa,63963,"$362,745.00",1059,1141
Katie Contreras,2020-06-05,1050,High Net Worth,San Francisco,75596,"$354,365.00",8745,8439
Elizabeth Watson,2018-12-11,1051,High Net Worth,Denver,89791,"$129,606.00",7207,7264
Ralph Casey,2019-11-30,1052,Government,Seattle,22778,"$114,765.00",6931,6473
Jennifer Jones,2019-07-23,1053,Government,Houston,99779,"$761,219.00",8529,8866
Deborah Webb,2022-04-04,1054,Corporate,Seattle,89791,"$997,806.00",9650,10058
Paul Hammond,2022-06-06,1055,Institutional,Houston,99779,"$592,259.00",9772,9471
Patricia Hayes PhD,2018-12-04,1056,Government,Dallas,88569,"$671,021.00",3003,2819
Jessica Fletcher,2019-08-14,1057,Institutional,Denver,89791,"$496,312.00",8655,9002
Veronica Richardson,2019-02-05,1058,Retail,Houston,22757,"$599,569.00",6071,6020
Michael Webb,2022-09-05,1059,Government,Dallas,89791,"$233,990.00",3087,3090
Nicholas Cummings,2022-07-10,1060,Government,Los Angeles,22757,"$988,427.00",6900,6969
Kevin Payne,2020-06-16,1061,Retail,Los Angeles,22778,"$131,968.00",8699,9161
Scott Brown,2019-11-08,1062,Institutional,Dallas,63963,"$339,552.00",2713,2957
Wayne Cruz,2020-06-14,1063,Corporate,Phoenix,75596,"$810,954.00",8829,8522
Antonio Meyer,2021-01-09,1064,Retail,New York,89791,"$602,168.00",1696,2122
Barbara Arnold,2020-06-30,1065,High Net Worth,San Francisco,75596,"$777,261.00",7958,7984
Nicole Castaneda,2020-01-07,1066,Government,Denver,75596,"$881,020.00",3114,3036
Amy Fernandez,2022-06-19,1067,Corporate,Phoenix,22778,"$176,140.00",3828,3651
Kimberly Ayers,2021-05-26,1068,Institutional,Los Angeles,20062,"$702,844.00",4742,5216
Douglas Hunt,2019-07-28,1069,Government,Orlando,16792,"$946,370.00",8064,7683
Deanna Phillips,2022-08-11,1070,Government,Tampa,20062,"$761,373.00",7940,7531
Shelby Arnold,2019-05-09,1071,Government,Seattle,22778,"$308,292.00",1916,2107
Marc Barnett,2021-06-07,1072,Government,Houston,22778,"$864,321.00",6993,7294
Clinton George,2022-02-12,1073,Government,Houston,16792,"$965,012.00",8272,8678
Kelsey Roberts,2020-01-22,1074,Institutional,San Diego,71151,"$261,636.00",4723,4605
Charles Smith,2019-08-28,1075,Government,Seattle,71151,"$566,972.00",4273,4025
Steven Moore,2021-03-16,1076,Institutional,Atlanta,63963,"$742,223.00",6601,6488
Timothy Ray,2019-08-29,1077,Institutional,Orlando,63963,"$666,171.00",5808,6237
Cindy Garcia,2022-05-06,1078,Institutional,Tampa,22778,"$353,855.00",1701,2181
Daniel Weiss,2019-01-30,1079,Retail,Albuquerque,89791,"$284,619.00",1648,1181
Christopher Carr,2022-05-15,1080,Retail,Orlando,22757,"$385,928.00",8925,8590
William Mccarthy,2021-11-02,1081,Institutional,Portland,75596,"$608,805.00",8383,7932
Rita Hansen MD,2019-09-13,1082,Institutional,Seattle,89791,"$126,823.00",6387,6327
James Johnston,2020-09-13,1083,Corporate,San Francisco,22778,"$575,917.00",9351,9826
Randall Washington,2021-01-28,1084,Government,Tampa,71151,"$516,084.00",7984,7671
James Cordova,2020-04-07,1085,Government,Orlando,99779,"$699,768.00",2984,2716
Janice Esparza,2018-12-09,1086,Government,Portland,22778,"$328,688.00",5910,6184
Michael Olson,2018-11-17,1087,Institutional,Seattle,99779,"$377,323.00",7537,7976
Dr. Robin Braun,2020-02-10,1088,Government,Chicago,88569,"$874,458.00",7653,7251
Kathryn Smith,2021-06-21,1089,Institutional,Los Angeles,88569,"$931,896.00",2601,2111
Nicole Thompson,2020-02-12,1090,High Net Worth,Denver,20062,"$530,920.00",2445,1973
Michael Banks,2022-08-09,1091,Institutional,Los Angeles,89791,"$923,724.00",4772,5047
Austin Davis,2020-04-08,1092,High Net Worth,New York,75596,"$537,821.00",1930,2165
Andrea Garner,2018-12-07,1093,High Net Worth,Albuquerque,22757,"$575,481.00",9071,9054
Amanda Cox,2019-05-04,1094,High Net Worth,Dallas,75596,"$236,830.00",8842,8686
Dr. Beth Nguyen,2019-02-11,1095,Corporate,San Diego,75596,"$131,044.00",8323,8376
Adam Beck,2022-07-02,1096,Corporate,Denver,63963,"$140,130.00",8484,8283
Mary Price,2019-11-21,1097,Institutional,Portland,75596,"$343,963.00",5460,5000
Jeremy Campbell,2021-08-31,1098,Retail,San Francisco,22778,"$152,407.00",5112,5596
Taylor Schmidt,2019-02-24,1099,Retail,Denver,88569,"$228,065.00",2212,2571
Robert Romero,2022-01-13,1100,High Net Worth,Orlando,71151,"$847,066.00",5977,5824
Meredith Horn DDS,2021-06-23,1101,Government,San Francisco,22778,"$329,553.00",9244,9155
Morgan Douglas,2020-10-10,1102,Corporate,San Diego,75596,"$347,964.00",4922,5392
William Gonzalez,2021-09-11,1103,Government,Denver,99779,"$635,795.00",9471,9150
Jason Taylor,2021-05-12,1104,Institutional,Chicago,20062,"$730,112.00",9314,9059
Travis Lamb,2019-12-25,1105,Government,Los Angeles,99779,"$906,414.00",1752,1489
Christine Houston,2022-09-30,1106,Institutional,Denver,75596,"$909,257.00",6545,6950
Melvin Ross,2021-07-31,1107,High Net Worth,Seattle,63963,"$992,509.00",4128,4193
Scott Patel,2021-07-22,1108,Government,Portland,16792,"$467,856.00",9961,9547
Brittany Ward,2020-07-30,1109,Government,New York,16792,"$302,988.00",9447,9551
Mark Dean,2019-12-08,1110,Corporate,Seattle,63963,"$227,443.00",2639,2946
Brian Richards,2022-06-23,1111,Institutional,Tampa,20062,"$513,158.00",2464,2575
Bruce Benson,2021-05-29,1112,Retail,Los Angeles,22778,"$936,514.00",6338,6599
Matthew Thompson,2022-09-23,1113,Retail,Los Angeles,22757,"$178,715.00",4629,4461
Mark Casey,2019-02-03,1114,Government,Atlanta,71151,"$395,552.00",5757,5946
Michael Berg,2019-04-26,1115,Retail,Houston,63963,"$467,940.00",8647,9066
Steven Gonzalez,2018-10-29,1116,Corporate,Chicago,16792,"$345,280.00",4937,4624
Christian Tucker,2019-03-12,1117,Corporate,Portland,88569,"$597,468.00",2806,2356
Regina Lee,2018-10-19,1118,Corporate,Albuquerque,16792,"$701,642.00",4767,5089
Steven Walton,2019-06-12,1119,Institutional,San Diego,20062,"$510,239.00",3831,3890
John Kelley,2021-07-15,1120,Corporate,Denver,63963,"$137,762.00",4970,4518
Douglas Fisher DVM,2022-08-16,1121,Institutional,Denver,99779,"$884,126.00",3049,2638
Samantha Christian,2020-05-08,1122,Corporate,Phoenix,20062,"$783,757.00",9434,9671
Mackenzie Taylor,2021-10-07,1123,Government,Orlando,71151,"$749,635.00",9403,9765
Jose Rangel,2019-07-21,1124,Institutional,Phoenix,63963,"$598,800.00",8457,8098
David Wilson,2019-07-24,1125,High Net Worth,Albuquerque,22778,"$716,912.00",2671,3163
Christine Hodge,2019-08-09,1126,High Net Worth,Chicago,22757,"$278,283.00",4532,4410
James Spencer,2020-02-09,1127,High Net Worth,Los Angeles,71151,"$899,703.00",2231,2140
Elizabeth Flores,2022-05-02,1128,Institutional,Dallas,20062,"$254,877.00",2923,3165
Cindy Carter,2022-01-11,1129,Government,Seattle,22757,"$530,558.00",9775,9434
Deanna Hood,2021-05-20,1130,Corporate,Houston,71151,"$827,980.00",8872,9248
Tyler Perez,2019-02-16,1131,Corporate,Tampa,89791,"$713,323.00",7463,7235
Beth Barton,2021-08-22,1132,Retail,Atlanta,75596,"$719,182.00",7591,8051
Kelly Jones,2021-04-08,1133,High Net Worth,Denver,99779,"$319,835.00",7357,7792
Cristina Harrison,2019-09-07,1134,Retail,New York,89791,"$353,847.00",3997,4282
Derrick Barnett,2020-12-20,1135,High Net Worth,Seattle,22778,"$981,346.00",9013,8546
Amy Bell,2019-12-30,1136,Corporate,Denver,22757,"$548,913.00",1183,791
Kenneth Ingram,2020-05-16,1137,Corporate,Houston,22778,"$700,580.00",4003,3567
Amy Perez,2019-09-30,1138,Institutional,Orlando,71151,"$925,300.00",6451,6669
Troy Moore,2022-03-10,1139,Retail,New York,16792,"$944,662.00",2177,2230
Brianna Everett,2021-06-30,1140,Retail,Denver,63963,"$913,790.00",4498,4768
Andrew Thompson,2019-07-04,1141,Retail,Chicago,89791,"$940,619.00",1623,1663
Mike Johnson,2021-09-29,1142,High Net Worth,San Francisco,89791,"$335,560.00",2908,2835
James Smith,2022-06-07,1143,Institutional,Chicago,22778,"$867,201.00",3738,3698
Gregory Evans,2021-12-26,1144,Institutional,Portland,63963,"$164,933.00",1952,2059
Christian Jones,2022-01-03,1145,Retail,Chicago,63963,"$807,340.00",6182,6448
Autumn West,2019-01-09,1146,Institutional,San Francisco,22757,"$888,394.00",6654,6905
Jessica Wang,2018-11-30,1147,High Net Worth,Phoenix,71151,"$610,411.00",9440,9474
David Johnson,2019-09-10,1148,Institutional,New York,88569,"$215,023.00",4060,4374
Thomas White,2022-07-31,1149,High Net Worth,Phoenix,20062,"$582,911.00",3900,3790
Roberto Sanchez,2021-03-16,1150,High Net Worth,New York,16792,"$364,703.00",1667,1269
Mary Padilla,2020-06-17,1151,Government,Denver,63963,"$102,289.00",7466,7835
Robert Hernandez,2020-05-31,1152,Corporate,San Francisco,99779,"$887,115.00",2557,2297
Maria Poole,2019-05-15,1153,Retail,New York,22757,"$477,339.00",3726,3283
Pamela Reynolds,2020-11-29,1154,Institutional,San Francisco,22778,"$650,877.00",7778,8207
Tracy Morgan,2021-11-16,1155,Government,Chicago,16792,"$214,532.00",6843,7317
Phillip Bright,2022-03-19,1156,Institutional,Denver,71151,"$588,898.00",3306,3485
John Edwards,2020-12-20,1157,Retail,Albuquerque,88569,"$515,470.00",4891,5205
Tracy Garcia,2020-08-21,1158,Government,Atlanta,99779,"$145,180.00",9469,9380
Emily Sherman,2022-08-19,1159,Retail,San Francisco,71151,"$783,681.00",3498,3559
Michael Wilson,2021-11-23,1160,High Net Worth,New York,99779,"$539,104.00",1213,920
Christina Murphy,2020-06-01,1161,Government,New York,99779,"$542,774.00",7010,7290
Maria Roberts,2021-09-29,1162,Corporate,Houston,16792,"$172,893.00",6421,6189
John Hawkins,2019-12-06,1163,Corporate,Atlanta,88569,"$180,849.00",7134,7183
Rebecca Norton,2021-11-25,1164,Retail,Tampa,63963,"$393,448.00",2687,3033
Justin Boone,2021-10-08,1165,Institutional,Denver,89791,"$944,663.00",5509,5568
Glenn Long,2021-07-08,1166,Retail,San Francisco,99779,"$546,384.00",4717,5205
Haley Perry,2021-01-26,1167,Institutional,Houston,63963,"$599,391.00",8663,9103
Jordan Richardson,2020-08-08,1168,Government,Atlanta,75596,"$299,900.00",3288,2942
Angela Simmons,2020-08-20,1169,Retail,Chicago,75596,"$647,849.00",8679,8212
Aaron Green,2019-11-05,1170,High Net Worth,Chicago,20062,"$666,037.00",4263,4566
Robert Mueller,2020-04-02,1171,Retail,Orlando,20062,"$126,584.00",3840,3629
Michael Arias,2021-08-02,1172,High Net Worth,Dallas,22778,"$390,974.00",7156,7551
Angela Hill,2022-01-07,1173,Institutional,Atlanta,20062,"$942,577.00",6321,5952
Danny Sharp,2021-05-23,1174,Retail,Dallas,75596,"$838,247.00",6911,6936
Jason Gonzales,2022-09-28,1175,Retail,Orlando,16792,"$615,447.00",5321,5504
Lauren Scott,2019-01-31,1176,Retail,Phoenix,99779,"$484,622.00",4679,4778
Brandon Harrington,2019-12-01,1177,Corporate,Los Angeles,20062,"$407,205.00",2886,3061
Sheri Rodriguez,2018-12-24,1178,Government,New York,22778,"$839,830.00",4828,4373
Corey Beasley,2019-11-02,1179,Corporate,Chicago,75596,"$449,501.00",1736,2108
Gerald Evans,2022-08-25,1180,Corporate,Portland,75596,"$172,565.00",6359,6164
Eileen Kim,2021-03-21,1181,Government,Dallas,88569,"$629,784.00",1918,2107
Elizabeth Mitchell,2018-12-06,1182,Corporate,Phoenix,71151,"$228,782.00",6017,6129
Samuel Swanson,2022-05-03,1183,High Net Worth,Phoenix,22778,"$528,009.00",1454,1624
Daniel Boyd,2020-11-24,1184,Corporate,Dallas,89791,"$638,963.00",8564,8154
Christina Davis,2022-09-08,1185,Corporate,Chicago,75596,"$692,271.00",6932,6732
Shawn Hoffman,2020-10-10,1186,Retail,Phoenix,89791,"$287,968.00",5944,5694
Rose Morris,2019-08-13,1187,Corporate,San Francisco,99779,"$209,107.00",9479,9319
Joshua Black,2019-12-24,1188,High Net Worth,Tampa,22757,"$732,523.00",8429,8473
Cody Taylor,2022-04-14,1189,Government,Houston,20062,"$259,540.00",6478,6334
Travis Cameron,2019-11-17,1190,Government,Atlanta,99779,"$202,124.00",8894,8602
Michael Miller,2018-12-23,1191,Government,Seattle,16792,"$982,191.00",4530,4370
Linda Reid,2020-10-19,1192,Retail,San Francisco,16792,"$394,924.00",1270,1158
Samuel Thomas,2019-03-14,1193,High Net Worth,Albuquerque,89791,"$860,021.00",5880,5871
Eric Ryan,2019-11-13,1194,High Net Worth,Orlando,89791,"$636,327.00",3845,3823
Grant Cox,2022-05-04,1195,High Net Worth,San Francisco,63963,"$363,299.00",9959,9483
Sarah Edwards,2021-07-18,1196,Institutional,Albuquerque,22757,"$434,469.00",3001,2916
Aaron Bowers,2020-05-20,1197,Retail,Chicago,99779,"$421,039.00",6160,6086
Kyle Avery,2020-07-01,1198,Retail,Phoenix,89791,"$621,267.00",5154,4950
Carolyn Torres,2018-11-21,1199,Institutional,Los Angeles,22757,"$905,849.00",6685,6949
Alicia Rogers,2021-09-16,1200,Government,Houston,16792,"$925,783.00",4199,4561
Christopher Walker,2020-10-14,1201,Government,Chicago,88569,"$347,313.00",9112,8906
Maria Williams,2022-02-25,1202,Retail,Dallas,99779,"$134,722.00",4677,4187
George Ortiz,2020-11-02,1203,Government,Los Angeles,89791,"$146,807.00",7597,8087
Anthony Morton,2019-07-31,1204,High Net Worth,Atlanta,63963,"$452,052.00",2601,2322
George Day,2021-08-07,1205,Institutional,New York,88569,"$126,560.00",6663,6285
Holly Smith,2019-01-05,1206,Government,Seattle,88569,"$927,841.00",7526,8010
Jacqueline Ramos,2021-07-28,1207,High Net Worth,Los Angeles,22757,"$968,131.00",2995,2713
Alexis Perkins,2019-06-22,1208,Retail,Atlanta,22778,"$437,862.00",9684,10159
Heather Walker,2020-10-31,1209,High Net Worth,Dallas,22757,"$697,870.00",9678,9994
Alexandra Wilson,2020-03-31,1210,Retail,Albuquerque,20062,"$484,439.00",8692,8388
Anthony Jimenez,2020-09-09,1211,Institutional,Phoenix,71151,"$968,663.00",7021,6834
Aaron Reyes,2018-11-02,1212,Retail,Dallas,22757,"$836,716.00",7340,7058
Kathleen Moreno,2019-03-05,1213,Retail,Chicago,20062,"$287,149.00",1827,1511
Carl Schmidt,2021-10-02,1214,Retail,Seattle,20062,"$465,855.00",1390,1206
Valerie Nolan,2022-07-20,1215,Institutional,Portland,88569,"$991,187.00",3303,3286
Joseph Lang,2019-02-03,1216,High Net Worth,Dallas,22778,"$692,331.00",5607,5450
Tyler Anderson,2020-11-13,1217,Retail,New York,16792,"$748,811.00",6344,6045
Kaitlyn Hamilton,2021-04-29,1218,Retail,Dallas,99779,"$758,644.00",9970,10393
Emily Davis,2021-03-11,1219,Corporate,San Francisco,63963,"$338,611.00",9027,9106
Jake Reid,2019-02-13,1220,Corporate,Atlanta,63963,"$623,206.00",9131,9204
Lynn Williams,2022-06-28,1221,Retail,Atlanta,71151,"$485,893.00",4082,3879
Mr. Duane Turner,2020-10-14,1222,Institutional,Portland,99779,"$842,294.00",5393,5441
Adam Baker,2019-04-06,1223,Institutional,San Francisco,16792,"$188,297.00",5086,4882
John Johnson,2020-07-14,1224,High Net Worth,Atlanta,71151,"$640,103.00",4946,4566
Brandon Hicks,2021-03-02,1225,Institutional,Orlando,22778,"$209,035.00",6403,6272
Jonathon Johnson,2019-11-25,1226,Retail,Tampa,16792,"$455,117.00",3855,3734
John Harper,2019-06-15,1227,Institutional,Phoenix,22778,"$431,035.00",4410,4176
Micheal Serrano,2020-04-12,1228,Corporate,Chicago,20062,"$557,429.00",7480,7880
Mark Sanford,2020-04-30,1229,High Net Worth,Atlanta,22757,"$323,450.00",9488,9443
Richard Welch,2019-11-24,1230,Institutional,Denver,20062,"$179,578.00",9429,9064
Sara Morris,2021-03-01,1231,High Net Worth,Portland,22778,"$645,563.00",1294,950
Curtis Martinez,2022-07-18,1232,Government,Portland,16792,"$912,751.00",5925,5483
Trevor Jones MD,2019-12-22,1233,Corporate,Phoenix,16792,"$528,213.00",6584,6721
Brandon Dixon,2019-10-06,1234,Government,Seattle,71151,"$460,232.00",4124,3951
Christopher Lambert,2020-08-04,1235,High Net Worth,Portland,22757,"$108,166.00",2669,2479
John Smith,2019-09-30,1236,High Net Worth,Orlando,22757,"$661,691.00",3352,2882
George Fischer,2022-05-06,1237,High Net Worth,San Francisco,99779,"$923,450.00",4529,4610
Christopher Howell,2022-03-16,1238,Corporate,Houston,89791,"$642,501.00",4248,3888
Deanna Pope,2021-01-30,1239,High Net Worth,Dallas,63963,"$773,428.00",7901,8215
Bradley Williams,2020-03-14,1240,Retail,Albuquerque,16792,"$628,441.00",1189,1245
Joseph Atkinson,2022-02-08,1241,Retail,Orlando,63963,"$538,532.00",6406,6429
Elizabeth Hubbard,2022-07-28,1242,High Net Worth,Houston,89791,"$313,161.00",5328,5315
Kimberly Mitchell,2020-12-06,1243,Retail,Seattle,22757,"$163,876.00",1349,1625
Dorothy King,2020-10-16,1244,High Net Worth,Portland,16792,"$933,910.00",7203,7469
Pam Jones,2022-04-04,1245,Corporate,Dallas,88569,"$260,116.00",6675,6272
Kelly Collier,2022-06-16,1246,Government,Phoenix,20062,"$446,696.00",1317,1183
Amber Jackson,2018-11-22,1247,Institutional,San Diego,22757,"$480,454.00",7159,7493
Paige Simmons,2020-07-18,1248,Corporate,Orlando,22778,"$577,753.00",7853,7519
Eric Reid,2019-03-20,1249,Government,Atlanta,75596,"$851,823.00",3730,4177
Kurt Robinson,2022-02-04,1250,Corporate,Portland,22778,"$981,628.00",5493,5556
Erika Hill,2020-03-26,1251,Retail,Tampa,99779,"$723,351.00",8761,8889
Shannon Brown,2020-01-23,1252,Corporate,Atlanta,99779,"$743,886.00",7376,7497
Antonio May,2021-04-04,1253,Institutional,Orlando,16792,"$697,263.00",6086,5825
Brian Whitaker,2018-11-25,1254,Retail,Seattle,16792,"$691,519.00",9898,9580
Angela Jones,2019-02-23,1255,Institutional,San Francisco,22778,"$883,724.00",9721,10136
Alexander Cox,2022-08-09,1256,High Net Worth,Dallas,75596,"$178,165.00",1221,1038
Ashley Bridges,2022-01-08,1257,Government,Tampa,99779,"$932,573.00",4026,3770
Melissa Huerta,2022-07-14,1258,Corporate,Los Angeles,71151,"$885,673.00",5485,5100
Elizabeth Smith,2022-08-18,1259,Retail,San Diego,89791,"$317,026.00",5284,5741
Debbie Jarvis,2022-02-01,1260,Institutional,Seattle,63963,"$296,705.00",8368,8415
Ethan Hicks,2019-03-30,1261,Institutional,Portland,88569,"$672,499.00",8651,9090
Jeff Long,2019-01-29,1262,Institutional,Portland,22778,"$916,145.00",2766,2752
William Brown,2020-12-27,1263,Retail,Albuquerque,22778,"$119,655.00",4603,4415
Darren Morales,2022-01-06,1264,Government,Chicago,75596,"$907,769.00",9218,9108
Andrea Garcia,2021-11-02,1265,Corporate,New York,89791,"$729,468.00",8332,8151
Matthew Gonzales,2020-09-04,1266,Government,Portland,75596,"$302,873.00",6152,6558
Sandra Mckee,2021-05-25,1267,Retail,Portland,71151,"$161,544.00",7208,7169
Karen Byrd,2020-02-05,1268,Retail,Dallas,63963,"$451,187.00",1970,2327
Alexander Ross,2019-12-23,1269,Government,San Francisco,71151,"$764,428.00",2243,2355
Christine Robinson,2021-02-27,1270,High Net Worth,Tampa,88569,"$901,857.00",2116,2392
Victor Kim,2021-11-10,1271,Government,Denver,88569,"$327,229.00",7171,6751
Elizabeth Ortiz,2018-12-21,1272,High Net Worth,Los Angeles,71151,"$492,314.00",3333,2852
Melissa Stewart,2021-06-18,1273,Retail,Albuquerque,20062,"$867,536.00",1596,1740
Amber White,2020-01-03,1274,Government,Atlanta,71151,"$151,655.00",1921,2050
Samantha Cohen,2021-05-29,1275,Retail,Orlando,22757,"$826,916.00",2825,2926
Jeremy Gonzalez,2022-03-24,1276,High Net Worth,New York,75596,"$939,550.00",5374,4875
Mariah Jones,2021-05-30,1277,Institutional,New York,22757,"$509,407.00",4184,4611
Travis Arellano,2021-12-05,1278,High Net Worth,San Francisco,22778,"$876,359.00",4346,4136
Megan Cobb,2021-10-31,1279,Government,Los Angeles,88569,"$515,625.00",3390,3488
James Doyle,2019-06-05,1280,Government,Houston,22757,"$409,208.00",6100,5665
Joseph Martinez,2019-03-13,1281,Institutional,San Francisco,22778,"$449,982.00",2776,2642
Evan Lopez,2020-12-20,1282,High Net Worth,Tampa,99779,"$937,358.00",9720,9939
Sandra Heath,2019-05-10,1283,High Net Worth,Los Angeles,22778,"$121,069.00",1867,1803
Jessica Rojas,2021-09-04,1284,Retail,Los Angeles,20062,"$353,650.00",4844,5331
Antonio Lynch,2020-06-09,1285,Retail,Houston,63963,"$797,262.00",4757,5193
Thomas Watson,2020-11-13,1286,Corporate,Denver,22778,"$133,065.00",9173,9391
Alex Anderson,2019-01-05,1287,Government,Seattle,75596,"$901,823.00",2620,2779
Desiree Farmer,2020-09-15,1288,Institutional,Orlando,75596,"$875,331.00",3456,3579
Michael Henry,2022-05-24,1289,Government,Chicago,99779,"$581,950.00",9570,9448
Beth Mcpherson,2021-07-03,1290,High Net Worth,Seattle,89791,"$459,218.00",7991,7532
Ann Robertson,2021-05-16,1291,High Net Worth,Tampa,22757,"$401,332.00",4947,4743
Maxwell Coleman,2019-08-14,1292,Institutional,Albuquerque,71151,"$645,417.00",8389,8865
Michael Lee,2021-10-15,1293,Retail,Phoenix,63963,"$538,253.00",2129,1745
Sabrina Romero,2021-06-29,1294,High Net Worth,Albuquerque,20062,"$326,282.00",1980,2174
Laura Spencer,2019-08-04,1295,Retail,San Diego,16792,"$226,070.00",5568,5362
Rodney Miller,2018-11-08,1296,Institutional,Chicago,16792,"$445,560.00",7755,7707
Michael Archer,2020-06-17,1297,Institutional,San Francisco,22778,"$499,419.00",6749,6887
Thomas Aguilar,2020-08-03,1298,Retail,San Francisco,75596,"$142,271.00",8445,8636
Jody Young,2019-11-14,1299,Corporate,Dallas,71151,"$180,809.00",2355,1987
Ronald Medina,2020-03-07,1300,Institutional,Dallas,88569,"$409,145.00",5793,5828
Catherine Short,2022-10-01,1301,Institutional,San Francisco,99779,"$299,939.00",5292,5600
Maria Thomas,2020-01-27,1302,Institutional,Tampa,71151,"$301,536.00",4048,4015
Joy Armstrong,2020-03-27,1303,Retail,Seattle,20062,"$492,698.00",4471,4481
Laura Bradley,2019-09-01,1304,High Net Worth,New York,16792,"$716,202.00",5231,5094
Julie Peterson,2020-01-08,1305,High Net Worth,Tampa,16792,"$698,826.00",9625,9569
Sabrina Johnson,2021-02-05,1306,High Net Worth,Tampa,75596,"$239,955.00",2202,2035
Justin Taylor,2020-05-13,1307,Government,New York,20062,"$734,804.00",5163,4891
Alan Washington,2021-07-17,1308,Government,San Diego,63963,"$593,396.00",3969,3872
Charles Whitaker,2020-07-18,1309,Government,Los Angeles,22778,"$922,099.00",6336,5931
Natalie Melendez,2020-03-23,1310,Corporate,Denver,22757,"$401,861.00",8442,8416
Brianna Becker,2020-08-20,1311,Government,Denver,22778,"$746,654.00",3253,3649
Thomas Garcia,2020-08-06,1312,Government,Dallas,22778,"$853,966.00",1878,1401
Daniel Turner,2021-09-27,1313,Government,Atlanta,89791,"$210,230.00",6077,5634
Crystal Church,2022-03-08,1314,Government,Orlando,89791,"$253,252.00",6722,6263
Mark Hall,2020-09-12,1315,Institutional,Phoenix,63963,"$610,423.00",5407,5000
Mackenzie Ayers,2020-01-11,1316,Corporate,Orlando,89791,"$199,766.00",6571,6263
Casey Scott,2022-02-07,1317,Government,Seattle,22757,"$627,450.00",3890,3806
James Allen,2019-05-09,1318,Retail,San Francisco,71151,"$525,260.00",5269,5478
Lisa Smith,2021-05-10,1319,Corporate,Atlanta,20062,"$130,181.00",3652,3866
Angela Garcia,2022-08-15,1320,Institutional,Houston,71151,"$906,189.00",1825,1548
Tracy Yu,2020-06-19,1321,Retail,Atlanta,16792,"$147,402.00",4618,4861
Kristina Schwartz,2019-12-04,1322,High Net Worth,San Diego,75596,"$981,573.00",4248,4636
Michael Gaines,2019-07-30,1323,Corporate,Phoenix,16792,"$417,712.00",5407,5904
Megan Simon,2019-05-04,1324,Government,San Francisco,20062,"$956,962.00",4028,3542
Jessica Nunez,2019-06-04,1325,Corporate,Orlando,75596,"$313,535.00",5052,4732
Brett Davis,2020-05-28,1326,High Net Worth,Phoenix,88569,"$612,782.00",8553,8233
Melanie Freeman,2022-07-04,1327,Institutional,Phoenix,99779,"$456,467.00",8583,8479
Victor Shannon,2020-04-01,1328,Retail,Dallas,99779,"$799,950.00",3452,3298
Colin Holmes,2022-07-15,1329,Government,Seattle,63963,"$253,286.00",5054,5430
Barbara Mills,2020-04-09,1330,Retail,Orlando,22757,"$128,540.00",1562,1517
Laurie Fischer,2019-12-16,1331,High Net Worth,Houston,71151,"$442,570.00",9107,8917
Kristina Walker,2020-03-05,1332,Institutional,Portland,99779,"$499,563.00",2278,2713
Brandon Lutz,2021-11-26,1333,Retail,Portland,88569,"$728,121.00",1089,1098
Katherine Jones,2022-07-31,1334,Institutional,Phoenix,71151,"$108,617.00",8365,8544
Mike Waller,2018-10-08,1335,Retail,Albuquerque,63963,"$326,144.00",8960,9449
Brittany Fuller,2022-08-12,1336,Institutional,Houston,22757,"$390,728.00",8688,8485
Kevin Short,2018-12-03,1337,Retail,San Francisco,22757,"$205,719.00",2976,3344
Christina Riddle,2019-11-07,1338,Retail,San Francisco,75596,"$215,257.00",6744,6997
Jasmine Bryan,2020-11-13,1339,High Net Worth,New York,22778,"$980,115.00",1955,2021
Melissa Shepherd,2021-04-02,1340,Retail,Chicago,89791,"$994,568.00",1363,1608
Eric Gordon,2020-04-03,1341,Institutional,Albuquerque,20062,"$453,946.00",2171,1671
Megan Chandler,2022-09-13,1342,Government,Orlando,75596,"$722,621.00",1148,1260
Kristin Horne,2022-06-09,1343,Institutional,Orlando,99779,"$767,013.00",1839,1703
Theresa Lee,2018-11-05,1344,High Net Worth,Dallas,22778,"$731,687.00",8942,8712
Lori Evans,2020-01-22,1345,Government,Phoenix,22757,"$860,728.00",5738,5870
Joshua Chapman,2019-01-16,1346,Government,Atlanta,63963,"$381,490.00",1629,1937
Phyllis Griffin,2019-06-07,1347,Retail,Seattle,16792,"$570,796.00",3168,3236
Michael Hubbard,2021-06-29,1348,Government,Atlanta,22757,"$639,282.00",2107,2513
Ashley Davis,2019-09-03,1349,Retail,San Diego,20062,"$480,666.00",4356,4538
Rhonda Vazquez,2019-05-25,1350,High Net Worth,San Francisco,75596,"$366,419.00",8603,8383
Kristen Stephens,2020-06-09,1351,Corporate,Portland,16792,"$796,987.00",6417,6695
Joshua Cameron,2020-05-14,1352,Institutional,San Diego,20062,"$999,193.00",8785,8776
Brian Acosta,2020-03-29,1353,High Net Worth,Portland,20062,"$274,171.00",3920,4200
Kristen Bryant,2022-07-09,1354,Government,Portland,89791,"$383,468.00",1532,1593
Carly Mcfarland,2020-03-27,1355,Corporate,Seattle,71151,"$126,144.00",4684,4220
Crystal Bennett,2019-07-02,1356,High Net Worth,Dallas,20062,"$981,686.00",2050,2516
James Castro,2021-11-27,1357,Corporate,San Francisco,99779,"$198,742.00",5945,6115
Kevin Taylor,2021-01-19,1358,High Net Worth,San Diego,88569,"$855,795.00",6834,6440
Natasha Reilly,2019-07-24,1359,Institutional,Los Angeles,71151,"$801,968.00",2218,2537
Angela Williams,2019-09-25,1360,Retail,New York,99779,"$578,264.00",1384,1273
Evan Blevins,2021-06-06,1361,Institutional,Dallas,20062,"$867,731.00",7972,7745
Amy Jones,2021-03-24,1362,Institutional,Dallas,88569,"$393,355.00",7517,7620
Kimberly Hood,2022-02-27,1363,Corporate,Chicago,88569,"$805,291.00",1762,1727
Thomas Lester,2019-01-13,1364,Corporate,San Diego,89791,"$657,284.00",9714,10206
Maria Frank,2020-10-18,1365,Corporate,Portland,75596,"$292,912.00",6777,7031
Vanessa Walker,2020-02-07,1366,Corporate,Denver,99779,"$233,303.00",5036,4645
Travis Lester,2019-08-02,1367,Government,San Francisco,63963,"$956,025.00",8188,7870
Adam Richards,2021-10-04,1368,High Net Worth,Dallas,75596,"$386,847.00",4018,4145
Christopher Floyd,2022-07-15,1369,Corporate,New York,71151,"$254,308.00",8846,8797
Stephanie Cook,2019-12-18,1370,Government,San Diego,20062,"$431,737.00",8652,8289
Hannah Collins MD,2020-09-24,1371,Government,San Francisco,71151,"$243,635.00",1528,1278
Michael Douglas,2019-05-06,1372,Corporate,New York,75596,"$901,018.00",6395,6812
Pamela Scott,2020-08-19,1373,Government,Orlando,16792,"$914,647.00",2200,2237
Juan Burke,2019-05-18,1374,Institutional,Denver,22757,"$349,706.00",7296,6899
Brittany Nunez,2019-09-11,1375,Retail,Los Angeles,89791,"$697,645.00",2527,2352
Dawn Maldonado,2020-01-15,1376,Government,Chicago,63963,"$245,704.00",7392,7509
Kathryn Simmons,2018-12-03,1377,Government,Orlando,89791,"$213,939.00",4994,4508
Sydney Green,2021-01-30,1378,Retail,Tampa,63963,"$849,845.00",2606,2190
Ryan Torres,2019-07-09,1379,Corporate,San Francisco,20062,"$647,273.00",6972,7045
Vanessa Mcdowell,2021-08-30,1380,Institutional,Orlando,75596,"$560,980.00",2317,2764
April Pierce,2022-02-16,1381,Corporate,Houston,20062,"$812,904.00",2612,3047
Thomas Miller,2019-12-21,1382,Retail,Tampa,89791,"$834,289.00",2597,2806
Shannon Bullock,2018-10-25,1383,Institutional,San Diego,16792,"$829,912.00",3592,3863
Carolyn Rose,2020-02-14,1384,Government,Portland,75596,"$292,090.00",7737,7616
Kayla Moore,2019-08-27,1385,Government,Tampa,99779,"$698,554.00",3286,3484
Charles Cline,2021-05-26,1386,Retail,San Francisco,16792,"$783,126.00",7712,8014
Patrick Osborne,2021-12-09,1387,Government,Phoenix,88569,"$222,487.00",9352,8917
Kevin Copeland,2019-08-28,1388,Government,Los Angeles,22757,"$400,997.00",5582,5968
Ashley Andrews,2021-03-20,1389,High Net Worth,Dallas,22778,"$908,706.00",9859,10186
Samuel Mcguire,2020-10-16,1390,Retail,San Francisco,16792,"$871,759.00",3408,3122
Heather Atkins,2022-06-02,1391,Government,Seattle,16792,"$253,350.00",8979,8626
Jessica Burns,2020-03-05,1392,Retail,Atlanta,88569,"$285,371.00",3633,3178
Vincent Scott,2021-08-19,1393,Institutional,Phoenix,16792,"$564,517.00",6186,5922
Mary Bradford,2019-04-26,1394,High Net Worth,Phoenix,75596,"$250,068.00",7080,6897
Phillip Garcia,2021-04-07,1395,High Net Worth,Denver,16792,"$355,781.00",4047,4209
Terri Brock,2018-10-24,1396,Government,Houston,22757,"$949,681.00",3837,3739
Christopher Bauer,2019-04-10,1397,Retail,Seattle,20062,"$898,746.00",5586,5917
Dean Martinez,2022-09-10,1398,Corporate,San Francisco,22757,"$838,585.00",3891,3798
Jose Sanders,2019-11-28,1399,Government,Orlando,75596,"$252,605.00",5341,5197
Elizabeth Robinson,2018-10-23,1400,High Net Worth,Seattle,22757,"$485,311.00",2140,2293
James Thompson,2020-10-09,1401,Government,Portland,22757,"$918,237.00",1622,1835
Bethany Barr,2019-05-18,1402,Government,Tampa,22778,"$626,670.00",6614,6307
Erin Johnson,2021-03-22,1403,Corporate,San Diego,20062,"$873,385.00",1169,1009
Beth Hahn,2022-09-15,1404,Institutional,Dallas,71151,"$734,080.00",6157,6551
Gregory Luna,2021-12-10,1405,Retail,Dallas,71151,"$295,294.00",8988,9205
Jason Cline,2020-02-17,1406,Institutional,Chicago,22757,"$110,062.00",9885,10331
Christopher Hill,2019-04-14,1407,Corporate,Los Angeles,71151,"$972,835.00",3441,3811
Angela Allen,2019-04-07,1408,Retail,Houston,75596,"$428,840.00",5096,4727
Michael Blackburn,2021-11-30,1409,Retail,Portland,71151,"$828,341.00",7860,8317
Christopher Gibson,2020-08-11,1410,High Net Worth,Dallas,88569,"$806,543.00",3633,3727
Aaron Harrison,2021-04-30,1411,Corporate,Tampa,99779,"$538,307.00",4268,4042
Timothy Cole,2019-04-03,1412,High Net Worth,Orlando,63963,"$129,171.00",9733,9620
Alejandro Stone,2019-05-10,1413,High Net Worth,New York,20062,"$661,103.00",9946,9799
Matthew Estrada,2019-06-06,1414,Retail,Atlanta,88569,"$809,362.00",3912,3578
Megan Reed,2020-10-18,1415,High Net Worth,Portland,16792,"$834,236.00",3746,3590
Richard Torres,2022-06-26,1416,Institutional,New York,89791,"$184,350.00",4085,4028
Robert Conner,2019-10-05,1417,Corporate,Phoenix,22778,"$454,586.00",7013,7493
Kelly Chavez,2020-08-02,1418,Institutional,San Francisco,99779,"$440,664.00",1861,1381
Emma Sullivan,2021-06-23,1419,Retail,Denver,20062,"$690,759.00",5555,5935
Amanda Davidson,2019-05-16,1420,Government,Orlando,22757,"$962,237.00",8439,8018
Roy Liu,2022-04-12,1421,Government,Orlando,63963,"$381,099.00",9786,9345
Courtney Moore,2019-05-07,1422,High Net Worth,Dallas,99779,"$828,073.00",9947,9767
Tammy Miller,2022-02-04,1423,Retail,San Diego,22757,"$842,500.00",5904,6256
Hannah Martin,2021-01-30,1424,Government,Orlando,22778,"$154,477.00",9394,9430
Joseph Sutton,2020-10-10,1425,Institutional,Los Angeles,88569,"$735,580.00",5697,5643
Donald Black,2022-08-21,1426,Retail,Denver,89791,"$199,177.00",9312,8851
Thomas Landry,2020-11-01,1427,Institutional,Houston,89791,"$944,654.00",2397,1970
Kristina Savage,2020-11-24,1428,Retail,Dallas,63963,"$139,807.00",7322,7190
Alexander Thomas,2020-05-07,1429,Institutional,Portland,22757,"$290,653.00",3547,3609
Scott Spencer,2020-11-03,1430,Institutional,Seattle,16792,"$494,618.00",1645,1398
Meghan Stone,2018-12-24,1431,Institutional,Chicago,71151,"$684,213.00",7045,7429
Howard Thompson,2020-05-25,1432,Government,Dallas,75596,"$998,853.00",7559,7530
Wesley Gonzalez,2020-08-21,1433,Retail,San Diego,75596,"$293,903.00",1202,939
Ryan Bush,2020-04-25,1434,Retail,Portland,20062,"$987,666.00",9199,8841
George Russell,2019-10-10,1435,Retail,Los Angeles,89791,"$687,582.00",9093,9093
Noah Hughes,2021-01-24,1436,High Net Worth,Denver,22757,"$648,978.00",9043,9170
James Clark,2022-08-22,1437,Retail,Orlando,88569,"$652,158.00",6684,6648
Ashley Berry,2020-11-19,1438,Corporate,Dallas,22757,"$985,440.00",1133,778
Michelle Sanders DVM,2022-07-04,1439,Institutional,Los Angeles,99779,"$145,464.00",2749,2608
Christopher Berry,2022-05-20,1440,Retail,Los Angeles,20062,"$855,711.00",6855,6356
Mary Morgan,2021-02-15,1441,Corporate,Albuquerque,20062,"$426,178.00",3561,3245
Kevin Cisneros,2020-09-28,1442,Corporate,Chicago,22778,"$947,583.00",7446,7333
Vincent Garrett,2019-06-24,1443,Retail,Albuquerque,22778,"$654,229.00",9358,9226
Eric Mills,2020-10-31,1444,Institutional,Los Angeles,20062,"$141,423.00",7449,7027
Devon Ross,2019-12-19,1445,Retail,Portland,71151,"$647,327.00",6944,6547
Hannah Riley,2022-07-15,1446,Retail,Portland,16792,"$994,059.00",2902,3287
Stephanie James,2020-03-24,1447,High Net Worth,Tampa,99779,"$290,792.00",8583,8949
Tammy Robinson,2019-06-20,1448,High Net Worth,Portland,89791,"$962,689.00",9156,8839
Kayla Mcdowell,2019-10-07,1449,Corporate,Orlando,20062,"$330,792.00",8929,9002
Sabrina Coffey,2021-12-26,1450,Government,Tampa,99779,"$102,177.00",8397,8284
Holly Russell MD,2022-06-19,1451,Retail,Atlanta,89791,"$616,958.00",2708,3187
Andre Martin,2021-09-09,1452,Corporate,Albuquerque,16792,"$455,583.00",7793,8146
Nicole Stewart DVM,2022-08-01,1453,Corporate,Phoenix,99779,"$983,443.00",5669,5931
Marie Walker,2020-01-03,1454,Corporate,Orlando,89791,"$212,277.00",3566,3990
Stephen Johnson,2018-12-03,1455,Institutional,New York,89791,"$354,787.00",3079,2881
Patrick Cook,2022-06-01,1456,Corporate,Denver,16792,"$249,532.00",9542,9930
Heather Chapman,2020-03-04,1457,Corporate,Chicago,63963,"$680,237.00",6956,7241
Anthony Price,2022-07-31,1458,Government,Denver,22757,"$256,369.00",8266,8647
Dennis Schmidt,2020-10-27,1459,Corporate,Albuquerque,22778,"$468,598.00",6757,6306
Nicholas Mcgee,2022-03-02,1460,Corporate,Houston,16792,"$568,315.00",6152,5764
Michael Pittman,2018-10-14,1461,Institutional,Tampa,99779,"$138,748.00",4615,4544
Brianna Sullivan,2021-03-03,1462,High Net Worth,Tampa,63963,"$883,502.00",3734,3311
David Reese,2020-08-11,1463,High Net Worth,Los Angeles,63963,"$758,199.00",5402,5183
Bobby Ali,2020-10-09,1464,Retail,Los Angeles,22757,"$123,155.00",5868,5566
Harry Adams,2021-10-08,1465,Government,Chicago,99779,"$858,946.00",6226,6285
William Brock,2019-11-09,1466,Government,New York,20062,"$774,718.00",6753,7220
Adam Rodriguez,2021-05-30,1467,Retail,Tampa,22757,"$960,598.00",1160,1468
Juan Spencer,2021-07-13,1468,Government,Tampa,75596,"$759,064.00",2722,2227
April Vargas,2019-12-18,1469,Government,Atlanta,88569,"$767,382.00",7012,6919
Carl Murphy,2022-03-21,1470,Corporate,San Francisco,22778,"$343,414.00",1684,1984
Jason Huff,2021-06-07,1471,Retail,Orlando,20062,"$346,671.00",2032,1540
Stephen Rivera,2018-12-02,1472,High Net Worth,Seattle,63963,"$219,554.00",4437,4846
Teresa Mcdonald,2019-01-01,1473,Retail,Phoenix,88569,"$780,748.00",1566,1955
Timothy Benton,2021-06-11,1474,Government,Phoenix,22778,"$643,796.00",7337,7066
Justin Murphy,2021-04-28,1475,High Net Worth,Seattle,89791,"$600,113.00",7333,7324
Nichole Willis,2020-02-01,1476,High Net Worth,Atlanta,16792,"$426,150.00",1803,1810
Amber Lamb,2021-07-21,1477,Retail,Denver,89791,"$607,796.00",1492,1626
Ryan Johnson,2022-05-01,1478,Retail,Los Angeles,22778,"$522,587.00",6147,6131
John Pena,2019-05-04,1479,Government,Seattle,20062,"$237,727.00",1430,1369
Bridget Gonzalez,2019-04-10,1480,Corporate,Los Angeles,22778,"$505,569.00",5479,5591
Ryan Phillips,2022-03-19,1481,Government,Los Angeles,88569,"$140,442.00",2531,2614
Kevin Lawson,2022-04-26,1482,Government,Seattle,99779,"$551,554.00",7049,7520
Benjamin Rodriguez Jr.,2020-03-30,1483,Institutional,Denver,22778,"$255,202.00",7701,8159
Jason Jones,2019-05-28,1484,Retail,Dallas,71151,"$112,956.00",7153,6897
Raymond Richardson,2018-12-05,1485,Government,San Francisco,89791,"$634,601.00",8518,8687
Matthew Johnson,2020-10-31,1486,Institutional,Chicago,71151,"$600,454.00",3544,3565
Jason Sharp,2019-11-04,1487,Government,Albuquerque,89791,"$519,150.00",4056,3914
Bruce Bowman,2022-06-19,1488,High Net Worth,San Francisco,63963,"$217,880.00",2204,2524
Stacey Gray,2021-04-04,1489,Government,Seattle,22778,"$842,430.00",3265,3021
Amanda Johnson,2019-08-21,1490,Government,Seattle,71151,"$734,971.00",4315,4484
Christopher Sanchez,2018-10-29,1491,Government,Tampa,16792,"$489,250.00",5749,5685
Kristin Scott,2022-01-20,1492,Retail,Dallas,88569,"$849,203.00",2224,2135
Kevin Sheppard,2020-10-12,1493,High Net Worth,New York,22757,"$720,816.00",9304,9533
Hannah Terry,2019-07-09,1494,Government,Portland,16792,"$932,515.00",4717,4671
Andrew Jackson,2019-01-09,1495,Corporate,Orlando,22778,"$387,289.00",2431,2070
Kristine Williams,2020-04-27,1496,Government,Atlanta,88569,"$657,952.00",5238,4938
Andrea Clark,2021-06-02,1497,High Net Worth,Tampa,99779,"$452,286.00",2028,2027
Mary Carter,2019-12-05,1498,Government,New York,89791,"$719,456.00",6973,7100
Marc Pearson,2020-06-27,1499,Retail,Seattle,89791,"$125,515.00",5581,5589
Darryl Wagner,2021-10-06,1500,High Net Worth,Atlanta,63963,"$404,952.00",6657,7120
Kelsey Kelly,2020-11-10,1501,Corporate,New York,22778,"$754,631.00",3614,3291
Christina Clark,2022-10-01,1502,High Net Worth,Orlando,89791,"$261,168.00",1213,1302
Gabrielle Griffin,2021-04-28,1503,Government,Dallas,88569,"$779,289.00",1064,849
Ashley Solomon,2021-01-10,1504,Retail,Portland,20062,"$183,903.00",3601,3678
Nathan Hoffman,2020-07-19,1505,Retail,Albuquerque,16792,"$990,471.00",5478,5678
Brian Summers,2019-06-13,1506,Institutional,Orlando,20062,"$424,694.00",6488,6238
Jack Parker,2021-05-23,1507,Government,Albuquerque,89791,"$988,165.00",1212,1339
Tiffany Taylor,2019-12-15,1508,Corporate,Chicago,99779,"$745,400.00",4687,4925
Sara Brown,2021-05-24,1509,Corporate,New York,22757,"$889,792.00",2783,3023
Teresa Rice,2019-03-08,1510,Corporate,Orlando,88569,"$697,795.00",5132,5351
Jonathon Gomez,2020-12-26,1511,Institutional,San Francisco,20062,"$790,673.00",1004,882
Wendy Berry,2022-06-24,1512,Retail,Seattle,22757,"$816,223.00",9984,9746
Gerald Padilla,2021-12-19,1513,Retail,Atlanta,71151,"$771,629.00",9860,9711
Courtney Johnson,2019-05-20,1514,Institutional,Los Angeles,99779,"$428,529.00",5966,6399
Heather Howell,2021-02-11,1515,Institutional,Portland,63963,"$942,994.00",2408,2755
Gina Long,2020-09-18,1516,High Net Worth,Houston,22778,"$840,462.00",9007,9280
Kelly Blackburn,2022-01-29,1517,High Net Worth,Atlanta,20062,"$152,970.00",6511,6098
Angelica Black,2018-12-29,1518,Corporate,San Diego,22757,"$449,374.00",1877,2130
Peter Wang,2019-10-12,1519,Institutional,Denver,75596,"$722,314.00",1419,1896
James Allen,2020-02-19,1520,Institutional,Dallas,20062,"$976,802.00",3533,3050
Justin Edwards,2020-10-13,1521,Retail,Portland,75596,"$320,643.00",3778,3853
Amanda Edwards,2022-05-20,1522,Corporate,San Diego,99779,"$593,633.00",5990,6226
Raven Martinez,2021-05-23,1523,Corporate,San Diego,63963,"$389,249.00",6642,6254
Michael Taylor,2019-12-31,1524,Corporate,Tampa,88569,"$329,968.00",7374,7495
Lisa Henderson,2022-05-17,1525,Corporate,Tampa,89791,"$764,120.00",3706,3475
Cory Miller,2022-09-24,1526,Corporate,Denver,99779,"$161,841.00",9719,9721
Mary Ortiz,2020-04-28,1527,Government,Orlando,89791,"$627,652.00",3001,3078
Hector Bauer,2021-05-06,1528,Institutional,Chicago,16792,"$318,749.00",3881,4121
Micheal House,2020-07-02,1529,Government,Albuquerque,88569,"$496,084.00",9953,9560
Martin Combs,2019-01-30,1530,Corporate,San Diego,88569,"$346,809.00",9712,9628
Tamara Norris,2018-12-03,1531,Corporate,Denver,22757,"$893,885.00",5745,5722
Richard Reeves,2022-04-19,1532,Government,Atlanta,75596,"$812,954.00",8482,7994
Sarah Freeman,2022-06-12,1533,Corporate,Albuquerque,22778,"$921,786.00",7515,7448
Brianna Jones,2019-10-05,1534,Government,San Francisco,63963,"$405,361.00",5179,4680
Stephen Moyer,2022-03-26,1535,Retail,Atlanta,22757,"$355,345.00",3367,3283
Ryan Fox,2022-07-04,1536,Government,Dallas,89791,"$154,473.00",8974,9268
Scott Thomas,2021-11-03,1537,Retail,Denver,20062,"$820,761.00",7511,7966
Brianna Thomas,2020-10-12,1538,High Net Worth,Seattle,88569,"$715,326.00",9311,9514
Carolyn Smith,2022-06-26,1539,Corporate,Tampa,20062,"$798,123.00",2128,2472
Richard Aguirre,2021-10-26,1540,High Net Worth,San Francisco,75596,"$157,956.00",8851,8972
Andrew Franklin,2019-11-19,1541,Government,Denver,22757,"$345,060.00",7848,7427
Lauren Bates,2021-12-07,1542,Government,Portland,22757,"$143,818.00",8838,8406
Natasha Gonzalez,2022-02-01,1543,Institutional,New York,88569,"$628,876.00",2652,2783
Ashley Perez,2020-11-06,1544,High Net Worth,Houston,20062,"$142,272.00",7066,7345
Chad Blanchard,2019-08-18,1545,Institutional,Portland,22778,"$399,261.00",5860,5427
John Wilson,2022-06-07,1546,Corporate,Atlanta,20062,"$874,923.00",7112,7015
William Morris,2019-05-18,1547,High Net Worth,Portland,20062,"$784,274.00",7856,8153
Cindy Rogers,2022-08-15,1548,Government,Albuquerque,22778,"$703,681.00",5191,5061
Joshua Hayes,2022-09-13,1549,Institutional,Los Angeles,16792,"$750,195.00",6454,6047
Kyle Cuevas,2020-12-11,1550,Government,Denver,71151,"$170,179.00",1617,1331
Brian Patel,2021-05-22,1551,Corporate,Atlanta,22778,"$113,778.00",4914,4753
Yvonne Miller,2021-06-15,1552,Institutional,Orlando,63963,"$332,142.00",7444,7233
Susan Wilson,2021-10-07,1553,Retail,Orlando,16792,"$229,035.00",6669,6302
Jonathan Holmes,2021-06-10,1554,Government,Houston,22778,"$204,772.00",9009,8685
Andrew Lopez,2020-12-26,1555,Institutional,Chicago,89791,"$596,778.00",5763,6258
Regina Peterson,2021-07-28,1556,Corporate,Atlanta,88569,"$319,590.00",1061,1295
Gary Smith,2022-02-10,1557,Institutional,Atlanta,88569,"$557,289.00",5665,5748
Mark Mccoy,2020-11-07,1558,Institutional,Orlando,22757,"$869,875.00",6794,6395
Philip Rogers,2021-02-03,1559,Retail,San Francisco,75596,"$342,404.00",2726,2620
Barbara Decker,2022-04-14,1560,Government,Los Angeles,63963,"$663,989.00",8943,9435
Alicia King,2018-12-08,1561,Retail,New York,71151,"$929,588.00",9268,8884
Cindy Soto,2021-06-02,1562,Institutional,Chicago,88569,"$531,393.00",2800,3147
Lauren Clark,2019-04-02,1563,High Net Worth,Orlando,75596,"$984,518.00",4437,3997
Kevin Gonzalez,2021-06-27,1564,Institutional,Portland,22778,"$227,655.00",7698,7582
Michele Cochran,2022-02-15,1565,High Net Worth,Portland,99779,"$104,331.00",3634,3300
Eric Weber,2020-12-27,1566,Institutional,Dallas,20062,"$164,617.00",8291,7971
Angela Larson,2021-03-31,1567,Corporate,New York,99779,"$632,537.00",8322,8650
Nicholas Mullins,2020-02-14,1568,Retail,New York,22757,"$991,360.00",9463,9598
Adam Johnson,2021-01-14,1569,High Net Worth,Seattle,22778,"$169,677.00",8487,8039
William Donovan,2022-01-09,1570,Institutional,Portland,99779,"$202,193.00",1854,2124
Karen Hernandez,2021-12-18,1571,Institutional,San Francisco,99779,"$613,726.00",4214,3860
Samantha Patel,2022-06-12,1572,Institutional,Albuquerque,89791,"$468,361.00",3703,4166
Amy Davis,2021-07-20,1573,Retail,San Francisco,16792,"$711,449.00",4569,4453
Devon Tapia,2022-04-02,1574,Institutional,Chicago,16792,"$135,814.00",6988,7160
Victoria Bean,2019-05-01,1575,Corporate,Portland,20062,"$585,398.00",9029,9183
Brittany Nelson,2019-10-26,1576,Institutional,Albuquerque,20062,"$884,911.00",3468,3916
Jerome Miller,2022-03-01,1577,Government,Portland,63963,"$336,597.00",9214,9128
Sarah King,2019-03-06,1578,Government,San Diego,75596,"$189,660.00",9166,8708
Hannah Morales,2019-03-31,1579,Government,San Francisco,16792,"$949,111.00",7281,7209
Natalie Ferguson,2021-11-18,1580,Government,New York,71151,"$474,386.00",5066,5557
Steve Chan,2021-01-22,1581,Institutional,Seattle,22778,"$677,084.00",6368,5887
Christopher Evans,2020-07-30,1582,Corporate,Tampa,75596,"$613,566.00",2182,2190
Audrey Ryan,2022-09-30,1583,Retail,Portland,20062,"$919,749.00",6225,6090
James Lang,2019-10-07,1584,Institutional,Orlando,88569,"$793,948.00",6863,6943
Anthony Hutchinson,2020-01-06,1585,Corporate,Chicago,16792,"$471,384.00",8662,8386
Dominic Wright,2022-01-21,1586,Government,Tampa,20062,"$606,640.00",4057,3711
Mario Jones,2019-01-15,1587,Retail,Albuquerque,88569,"$355,498.00",4578,4514
Christine Adams,2018-10-21,1588,Institutional,Tampa,99779,"$449,251.00",7117,7459
Nathan Walker DDS,2022-01-08,1589,Government,Atlanta,89791,"$362,389.00",5165,4692
David Chapman,2019-06-09,1590,Institutional,Portland,75596,"$930,079.00",4381,4544
Kevin Nichols,2021-02-09,1591,High Net Worth,Portland,89791,"$361,100.00",7628,8109
James Fletcher,2020-02-21,1592,Retail,Houston,22757,"$652,694.00",3908,3744
Linda Rodriguez,2019-03-26,1593,Corporate,Dallas,71151,"$616,862.00",5131,4844
Christopher Swanson,2020-01-20,1594,Institutional,Tampa,75596,"$493,611.00",1981,1513
Michael Shelton,2020-01-26,1595,Retail,New York,22757,"$864,220.00",6424,6166
Brittany Olson,2019-06-03,1596,High Net Worth,San Francisco,75596,"$545,816.00",2530,2251
Daniel Spencer,2020-01-21,1597,Institutional,Tampa,71151,"$789,622.00",4151,3864
Wayne Leon,2021-08-28,1598,High Net Worth,Seattle,22757,"$145,170.00",3932,4113
Dustin Kim,2019-08-07,1599,Corporate,San Diego,75596,"$637,319.00",6727,6420
Jeffrey Dunn,2020-03-21,1600,Retail,Phoenix,88569,"$419,007.00",2505,2959
Nichole Carter,2022-06-26,1601,High Net Worth,Los Angeles,88569,"$253,677.00",3192,2974
Ashley Sanchez,2020-03-22,1602,Government,Los Angeles,71151,"$928,399.00",7695,7366
Charles Gonzales,2020-02-26,1603,Corporate,Seattle,16792,"$639,297.00",7623,8005
Anthony Hayes,2020-03-15,1604,Corporate,Phoenix,75596,"$746,977.00",4615,5084
Joseph Robinson,2021-06-05,1605,Government,Los Angeles,22757,"$415,694.00",9722,10016
James Yang,2022-07-26,1606,Institutional,Houston,71151,"$568,863.00",8683,8286
Judy Preston,2018-10-21,1607,Corporate,Denver,71151,"$545,075.00",8018,7744
Sara Pearson,2021-06-11,1608,Institutional,Orlando,99779,"$185,386.00",2329,2398
Kimberly Hunt,2020-04-16,1609,Corporate,San Diego,20062,"$616,902.00",3975,4378
Brian Garcia,2018-10-29,1610,High Net Worth,Dallas,16792,"$927,257.00",2397,2607
Jordan Johnson,2021-06-09,1611,Institutional,Phoenix,99779,"$661,404.00",2506,2090
Theresa Decker,2020-10-20,1612,High Net Worth,Phoenix,16792,"$985,267.00",4144,4577
Michael Sanchez,2022-07-03,1613,Corporate,New York,88569,"$475,272.00",7166,7623
Jon Barker Jr.,2021-11-16,1614,Government,Tampa,22778,"$974,949.00",1867,2023
Ryan Grant,2022-04-18,1615,Institutional,Phoenix,20062,"$447,418.00",5725,5777
Steven Warren,2019-12-03,1616,Retail,Atlanta,71151,"$318,996.00",7848,7530
Jason Shannon,2021-05-02,1617,Retail,San Diego,22757,"$140,910.00",1595,1434
Amanda Thompson,2019-12-24,1618,Government,Tampa,75596,"$164,776.00",2706,2507
Samantha Booker,2019-01-27,1619,High Net Worth,Orlando,20062,"$849,863.00",1913,2094
Tyler Chavez,2021-03-05,1620,Corporate,New York,16792,"$438,486.00",4655,4398
Dr. Melissa Williams,2019-01-25,1621,Corporate,San Francisco,75596,"$239,511.00",3047,2857
Michelle Jones,2022-07-02,1622,Retail,Phoenix,99779,"$231,538.00",5317,5421
Mrs. Kayla Barker,2021-12-11,1623,Institutional,Albuquerque,20062,"$642,553.00",5703,5294
Jerry Warner,2018-11-24,1624,High Net Worth,Atlanta,63963,"$492,914.00",1344,1222
Dana Chavez,2020-11-27,1625,Retail,Portland,16792,"$520,582.00",6300,5908
Sydney Chan,2020-01-03,1626,Institutional,San Diego,99779,"$208,778.00",1850,1717
Haley Hill,2021-09-22,1627,Institutional,Los Angeles,89791,"$882,888.00",3542,3355
Madison Martinez,2022-01-19,1628,Corporate,San Diego,22778,"$158,943.00",5732,6132
James White,2022-07-24,1629,Retail,Albuquerque,99779,"$256,705.00",7549,7886
Andrew Walker,2019-08-24,1630,Corporate,Los Angeles,22778,"$971,900.00",5329,5810
Glenn Bond,2020-08-04,1631,Government,Portland,71151,"$122,651.00",2371,2294
Vanessa Bradley,2020-03-25,1632,Retail,Albuquerque,89791,"$314,494.00",1541,1285
Ian Wilson,2020-09-09,1633,Retail,New York,99779,"$942,922.00",4921,5390
Anthony Webster,2020-05-29,1634,Corporate,Portland,88569,"$908,086.00",6967,7213
Donna Ritter DDS,2021-08-05,1635,Retail,Tampa,20062,"$787,339.00",2318,2626
Alisha Armstrong,2020-04-21,1636,High Net Worth,Albuquerque,20062,"$592,228.00",9648,10008
Ann Riley,2019-10-08,1637,Retail,New York,22757,"$237,646.00",4125,3641
Brent Anderson,2022-07-23,1638,Government,Chicago,20062,"$887,311.00",1562,2041
Levi Warner,2019-10-21,1639,Institutional,Portland,63963,"$884,416.00",6320,5897
Jason Perry,2021-06-15,1640,High Net Worth,Seattle,22778,"$235,466.00",1884,1524
Mario Rogers,2022-04-23,1641,High Net Worth,Portland,71151,"$818,018.00",7562,7518
Crystal West,2019-04-17,1642,Institutional,Portland,22757,"$932,129.00",9161,9367
Kimberly Leach,2020-10-23,1643,Institutional,San Francisco,88569,"$383,664.00",3806,3535
William Sanders,2021-04-11,1644,Corporate,New York,22757,"$293,585.00",5224,5153
Anne Savage,2021-04-26,1645,High Net Worth,San Francisco,75596,"$943,799.00",7728,8179
Patricia Singleton,2019-05-21,1646,High Net Worth,Orlando,20062,"$732,225.00",3045,3405
Alexis Scott,2022-01-25,1647,High Net Worth,Albuquerque,71151,"$333,841.00",6296,5977
Wesley Hunt,2022-08-04,1648,Government,New York,89791,"$305,945.00",2088,1660
Dennis Hayes,2020-04-08,1649,High Net Worth,New York,99779,"$472,121.00",8952,9376
Jose Wilkins,2020-10-04,1650,Corporate,Dallas,99779,"$157,483.00",6393,6182
Robert Scott,2022-03-09,1651,Corporate,Denver,20062,"$497,281.00",2484,2468
Clinton Lang,2021-01-18,1652,Retail,Phoenix,89791,"$133,596.00",3502,3452
Maria Chavez,2019-03-04,1653,High Net Worth,Orlando,22757,"$416,410.00",8054,8075
Joseph Welch,2021-11-13,1654,High Net Worth,Houston,75596,"$645,770.00",4105,4191
Tina Brown,2019-03-08,1655,Institutional,Tampa,71151,"$696,976.00",4509,4353
Gary Pacheco,2022-03-19,1656,Institutional,Phoenix,22778,"$371,026.00",9699,9978
Michele Smith,2020-04-11,1657,High Net Worth,Atlanta,20062,"$678,262.00",8309,8240
Ronald Mcdonald,2019-08-25,1658,Corporate,New York,99779,"$432,302.00",1871,1640
Max Thomas,2020-03-04,1659,Corporate,Chicago,75596,"$812,512.00",4057,4287
Joan Burgess,2020-08-21,1660,High Net Worth,Chicago,63963,"$183,505.00",4545,4172
Vincent Bennett,2021-04-21,1661,Retail,Los Angeles,63963,"$381,067.00",5284,4979
Crystal Knight,2019-03-31,1662,Institutional,Orlando,20062,"$501,728.00",4136,4485
Thomas Arias,2022-04-05,1663,Retail,Phoenix,99779,"$253,669.00",1966,1889
Brandi Adkins,2021-09-11,1664,Government,Phoenix,71151,"$286,805.00",7661,7998
Rebecca Golden,2022-08-05,1665,Government,Atlanta,22778,"$712,410.00",4696,4949
Luis Olson,2020-05-12,1666,Retail,Phoenix,89791,"$138,162.00",1064,1112
Kelly Glover,2020-01-18,1667,Government,Atlanta,63963,"$920,802.00",1925,2148
Dwayne Davis,2022-03-28,1668,Government,Los Angeles,89791,"$599,289.00",8576,8514
Pamela White,2021-12-25,1669,Government,Seattle,16792,"$290,722.00",8558,8181
Kristina Foster,2020-08-29,1670,Corporate,Albuquerque,89791,"$556,674.00",5546,5172
Jacob Porter,2021-04-16,1671,Institutional,Orlando,16792,"$436,448.00",6278,6295
Danielle Johnson,2019-03-30,1672,High Net Worth,Dallas,88569,"$600,617.00",9943,9528
Jeffrey Welch,2022-05-27,1673,Retail,Los Angeles,71151,"$362,807.00",9824,9864
Ashley Smith,2021-08-14,1674,Corporate,San Diego,88569,"$730,218.00",6755,6421
Ashley Roberts,2019-09-01,1675,Institutional,Phoenix,99779,"$292,972.00",4581,5008
Lee Lamb,2020-06-24,1676,Institutional,Atlanta,16792,"$200,589.00",5072,5159
Edward Wheeler,2018-12-05,1677,High Net Worth,Orlando,99779,"$639,038.00",7537,7452
Janet Forbes,2019-07-03,1678,Institutional,Tampa,22757,"$315,647.00",4603,4882
Nicole Austin,2018-10-29,1679,Government,Tampa,99779,"$977,565.00",5286,5127
Amy Austin DVM,2020-03-11,1680,High Net Worth,Portland,89791,"$818,632.00",8363,8581
Bryce Mccarthy,2020-05-13,1681,High Net Worth,Phoenix,89791,"$873,992.00",5256,5147
Dana Blackwell,2019-12-16,1682,Institutional,Houston,20062,"$476,727.00",6863,7216
Michael Blake,2019-01-26,1683,Institutional,Albuquerque,71151,"$336,493.00",8389,8633
Darlene Beard,2019-01-13,1684,Retail,Portland,20062,"$306,996.00",9901,9937
Allison Young,2019-03-27,1685,Government,Denver,75596,"$230,761.00",3870,3432
Ashley Welch,2021-03-15,1686,Government,Phoenix,22778,"$304,560.00",6743,6882
Vanessa Berry,2018-12-11,1687,Corporate,Phoenix,63963,"$661,423.00",6967,7211
Angela Lopez,2020-05-07,1688,Institutional,Albuquerque,63963,"$355,679.00",7105,7039
Christopher Barrera,2021-01-28,1689,High Net Worth,Albuquerque,22757,"$950,524.00",2992,2732
Alison Taylor,2019-10-18,1690,Retail,Atlanta,71151,"$658,795.00",1934,2127
Nancy Wilson,2020-06-18,1691,Retail,Dallas,16792,"$850,004.00",8824,8663
Robert Fuller,2020-05-16,1692,Government,San Francisco,22778,"$638,048.00",7565,7617
Jennifer Howell,2021-12-27,1693,Retail,Los Angeles,88569,"$627,082.00",1189,1005
Bobby Humphrey,2020-07-17,1694,Institutional,San Diego,16792,"$500,661.00",6109,6041
Bianca Logan,2019-09-16,1695,Corporate,Houston,20062,"$592,113.00",2645,2828
Jennifer Jenkins,2020-08-09,1696,High Net Worth,Houston,75596,"$609,791.00",9414,9649
Alexandra Glover,2021-11-14,1697,High Net Worth,Portland,22757,"$169,022.00",4097,3760
Jill Cisneros,2018-12-16,1698,Corporate,Atlanta,99779,"$830,302.00",3825,4094
Angelica Morales,2020-08-19,1699,Corporate,Tampa,71151,"$564,055.00",3920,3467
Jordan Singh,2020-10-23,1700,Government,Phoenix,89791,"$327,634.00",4826,4636
Meghan Soto,2020-08-13,1701,Institutional,San Francisco,99779,"$185,838.00",2446,2187
Jacob Mitchell,2022-02-10,1702,Retail,Phoenix,75596,"$478,967.00",3259,3040
Mrs. Christina Robinson,2021-05-23,1703,High Net Worth,Denver,88569,"$782,836.00",1524,1998
Eric Cole,2019-10-19,1704,Institutional,Orlando,89791,"$194,827.00",3843,3603
Allison Lewis,2019-04-11,1705,Government,Portland,99779,"$491,456.00",4473,4487
Rebecca Sanders,2020-07-24,1706,Institutional,Dallas,16792,"$833,101.00",7993,7737
Michael Fisher,2021-12-09,1707,Institutional,Seattle,20062,"$924,435.00",8351,8088
Steve Barron,2019-01-13,1708,Retail,Portland,63963,"$431,776.00",5024,4993
Jessica Oliver,2020-03-19,1709,Retail,San Francisco,22778,"$462,780.00",7506,7583
Terry Orozco,2020-12-01,1710,Corporate,Phoenix,99779,"$994,958.00",5751,5945
Curtis Phillips,2021-02-22,1711,High Net Worth,Dallas,99779,"$336,091.00",1842,1692
Brittany Ingram,2018-11-11,1712,Retail,Tampa,99779,"$866,748.00",7484,7315
Peter Brady,2022-04-21,1713,Government,Denver,22778,"$629,050.00",9523,9044
Christopher Flores,2020-10-08,1714,Government,Phoenix,16792,"$181,381.00",5700,5665
Shannon Taylor,2019-02-21,1715,Government,Portland,63963,"$590,167.00",3875,3932
Teresa Whitaker,2022-03-24,1716,Corporate,Denver,16792,"$666,949.00",7901,7758
Michelle Pineda,2020-10-11,1717,High Net Worth,New York,75596,"$186,404.00",1780,1809
Tina Brewer,2021-09-22,1718,Government,Orlando,22757,"$566,863.00",9533,9337
Patrick Hunter,2019-03-24,1719,Institutional,New York,89791,"$704,045.00",2254,2062
Amanda Kelly,2021-04-21,1720,Retail,Seattle,99779,"$215,638.00",1015,821
Ruth Thompson,2022-05-11,1721,High Net Worth,Albuquerque,20062,"$399,431.00",3402,3565
Daniel Burnett,2021-09-22,1722,Institutional,San Francisco,89791,"$319,040.00",4991,5043
Katie King,2022-02-07,1723,Government,Los Angeles,88569,"$676,521.00",3205,3283
Antonio Flores,2020-03-04,1724,Government,San Diego,75596,"$795,151.00",4340,4785
Jennifer Wells,2020-01-07,1725,Corporate,Dallas,22757,"$289,289.00",1237,1506
David Wolfe,2020-07-30,1726,Retail,Dallas,22757,"$682,506.00",2981,3414
Regina Torres,2022-06-06,1727,Retail,Orlando,16792,"$496,448.00",1419,1110
Jacob Miller,2021-11-29,1728,Retail,Albuquerque,89791,"$646,864.00",5658,6035
Michael Griffin,2022-01-12,1729,High Net Worth,San Diego,75596,"$255,295.00",8403,8170
Jeffrey Sanchez,2021-07-10,1730,Institutional,Denver,89791,"$427,872.00",3816,4260
Daniel Murphy,2019-05-09,1731,Government,Albuquerque,20062,"$111,078.00",9864,9517
Erin Powers,2022-08-08,1732,High Net Worth,Houston,75596,"$789,998.00",4553,4464
Amanda Stephens,2019-06-05,1733,Government,Houston,99779,"$412,643.00",6598,6621
Carolyn Orr,2022-09-17,1734,High Net Worth,Portland,22778,"$174,722.00",7434,7798
Mariah Anderson,2019-08-31,1735,High Net Worth,Dallas,20062,"$534,888.00",8989,8852
Danielle Hester,2021-11-12,1736,Corporate,Orlando,88569,"$468,000.00",6693,7149
Monica Brooks,2020-05-22,1737,High Net Worth,San Francisco,20062,"$887,539.00",4117,4255
Steven Moore,2019-01-18,1738,High Net Worth,Chicago,88569,"$574,642.00",5372,5615
David Wang,2020-11-01,1739,High Net Worth,San Francisco,22757,"$949,875.00",9146,9163
Teresa Huff,2021-10-29,1740,High Net Worth,Portland,20062,"$426,398.00",2507,2039
Larry Larson,2018-10-12,1741,Corporate,San Francisco,16792,"$507,819.00",4992,4680
Tara Mcclain,2022-04-06,1742,Retail,Atlanta,63963,"$593,256.00",9536,9481
Katherine Frost,2019-10-23,1743,Corporate,Dallas,63963,"$820,752.00",9715,9221
Jennifer Campbell,2020-03-23,1744,Corporate,Houston,16792,"$652,692.00",6801,7290
Andrew Davis,2021-01-20,1745,High Net Worth,San Diego,71151,"$200,605.00",3629,3781
Victor Mitchell,2021-05-30,1746,Government,Houston,99779,"$687,895.00",4006,4089
Bradley Navarro,2019-06-06,1747,Retail,San Francisco,22778,"$176,989.00",1605,1896
Jennifer Nguyen,2022-02-11,1748,Government,Seattle,89791,"$504,766.00",2256,2023
Jessica Guzman,2020-10-07,1749,High Net Worth,Houston,63963,"$946,061.00",8126,7837
Lisa Long,2021-03-03,1750,Corporate,Seattle,99779,"$337,534.00",5132,4906
Amanda Coleman,2022-06-22,1751,Corporate,San Diego,22757,"$523,159.00",7153,7458
Bryan Nguyen,2019-02-17,1752,Corporate,San Diego,20062,"$386,644.00",1058,583
Kimberly Atkinson,2021-11-24,1753,Retail,Phoenix,22778,"$744,543.00",5893,5769
Jessica Velazquez,2021-01-21,1754,High Net Worth,Tampa,16792,"$918,869.00",6170,5699
Thomas Chapman,2019-09-21,1755,Government,Atlanta,71151,"$885,012.00",4905,5277
Nancy Smith,2020-04-11,1756,Corporate,Denver,71151,"$282,833.00",3891,3391
Sandra Woodard,2018-10-30,1757,Institutional,San Francisco,22757,"$540,222.00",8985,8902
Bradley Blanchard,2019-04-19,1758,Institutional,Portland,75596,"$453,613.00",1086,1082
Carlos Rodriguez,2019-08-07,1759,Government,Phoenix,22778,"$846,280.00",3488,3863
Judy Cline,2019-02-17,1760,Institutional,Chicago,22757,"$712,918.00",9418,9628
Dennis Hayden,2018-11-24,1761,Government,San Francisco,22778,"$349,979.00",4813,4919
Mary Edwards,2019-02-27,1762,High Net Worth,Seattle,99779,"$383,855.00",4777,4851
Christian Gonzalez,2020-05-22,1763,Government,Portland,89791,"$426,570.00",9891,10345
Richard Ortiz,2022-07-19,1764,Corporate,Denver,22757,"$228,030.00",5201,5113
Daniel Warner,2021-05-11,1765,Retail,Chicago,22778,"$154,657.00",8283,8040
Stacey Walker,2021-05-14,1766,Corporate,New York,20062,"$202,948.00",1219,1530
Matthew Castro,2019-10-31,1767,Retail,Albuquerque,99779,"$672,911.00",4049,4545
Jennifer Cabrera,2021-05-17,1768,Institutional,Los Angeles,99779,"$619,880.00",2230,2685
Rachel House,2020-09-06,1769,Retail,Albuquerque,20062,"$586,656.00",4073,4431
Cody Hartman,2018-12-04,1770,High Net Worth,San Diego,20062,"$496,439.00",5398,5383
Stephen Long,2022-08-12,1771,Retail,San Francisco,71151,"$987,256.00",7369,6941
Tyler Collins,2019-01-24,1772,Corporate,San Diego,20062,"$640,147.00",2329,2207
Dr. Troy Stanley,2022-05-27,1773,Institutional,Houston,99779,"$935,841.00",5228,5478
Amy Morgan,2020-03-23,1774,Institutional,San Francisco,20062,"$496,303.00",8052,8387
Joshua Goodman,2021-05-05,1775,Government,Albuquerque,89791,"$646,837.00",1933,1493
Lisa Michael,2021-05-19,1776,Government,Albuquerque,22778,"$817,593.00",1677,1547
Xavier Baker,2021-01-22,1777,Government,Los Angeles,16792,"$886,999.00",5217,5596
Angela Coleman,2022-07-26,1778,Retail,New York,22778,"$647,873.00",8507,8048
Timothy Hernandez,2022-07-22,1779,Institutional,Portland,89791,"$408,225.00",8357,7996
Justin Figueroa,2020-03-13,1780,Corporate,San Francisco,22778,"$304,392.00",8067,7920
Megan Davenport,2019-06-01,1781,Retail,Phoenix,22778,"$700,087.00",1593,1458
Michael Foster,2020-07-11,1782,High Net Worth,Los Angeles,75596,"$457,868.00",1866,1378
Cheryl Gonzalez,2022-03-08,1783,Corporate,Seattle,71151,"$123,298.00",4600,4224
James Johnson,2018-10-22,1784,High Net Worth,New York,71151,"$970,601.00",9235,9165
Amber Nelson,2022-08-31,1785,Government,Houston,99779,"$114,572.00",9333,8969
Leslie Thornton,2020-12-20,1786,Retail,Orlando,22778,"$623,324.00",5110,5402
Jonathan Hall,2021-07-21,1787,Institutional,Tampa,71151,"$155,762.00",2480,2448
Carolyn King,2018-10-23,1788,Corporate,San Diego,88569,"$186,355.00",1618,1275
Kathleen Williams,2020-12-02,1789,Institutional,Tampa,89791,"$838,941.00",3877,3811
Pamela Schaefer,2021-07-20,1790,High Net Worth,Atlanta,75596,"$618,217.00",5187,5053
Renee Lee,2022-03-28,1791,Retail,Phoenix,88569,"$484,946.00",2297,2726
Samantha Fischer,2020-09-29,1792,Retail,Dallas,16792,"$245,893.00",7682,7554
Edward Francis,2022-06-16,1793,Corporate,Houston,16792,"$563,860.00",8628,8376
Mitchell Crawford,2020-06-25,1794,Government,Houston,22757,"$502,433.00",1696,2158
Timothy Daniel,2022-07-02,1795,Institutional,Houston,22757,"$219,685.00",2746,3235
Dr. Danielle Scott,2021-02-24,1796,Retail,San Francisco,71151,"$960,795.00",9064,9545
Christina Phelps,2022-07-14,1797,Government,Seattle,99779,"$148,994.00",6792,7272
Angela Bond,2019-05-19,1798,High Net Worth,San Francisco,22757,"$560,559.00",8821,9054
Kenneth Davis,2018-10-04,1799,Retail,Phoenix,22778,"$398,601.00",4777,4964
